{"cameraMode":{"drawMode":0,"name":"Shaded","section":"Shading Mode"},"sceneLighting":true,"audioPlay":false,"sceneViewState":{"showFog":true,"showMaterialUpdate":false,"showSkybox":true,"showFlares":true,"showImageEffects":true,"showParticleSystems":true},"in2DMode":false,"pivot":{"x":-0.5531039237976074,"y":0.48058032989501955,"z":-0.14706826210021974},"rotation":{"x":-0.2524356544017792,"y":-0.2485291063785553,"z":0.06726351380348206,"w":-0.9327337741851807},"size":3.6459860801696779,"orthographic":false}